<?xml version="1.0" ?>
<annotation>
	<folder>text</folder>
	<filename>img_1052.jpg</filename>
	<source>
		<database>coco_text_database</database>
		<annotation>text</annotation>
		<image>text</image>
		<flickrid>000000</flickrid>
	</source>
	<owner>
		<name>ms</name>
	</owner>
	<size>
		<width>800</width>
		<height>600</height>
		<depth>3</depth>
	</size>
	<segmented>0</segmented>
	<object>
		<name>text</name>
		<pose>none</pose>
		<truncated>0</truncated>
		<difficult>0</difficult>
		<bndbox>
			<xmin>230</xmin>
			<ymin>82</ymin>
			<xmax>240</xmax>
			<ymax>157</ymax>
		</bndbox>
	</object>
	<object>
		<name>text</name>
		<pose>none</pose>
		<truncated>0</truncated>
		<difficult>0</difficult>
		<bndbox>
			<xmin>241</xmin>
			<ymin>82</ymin>
			<xmax>245</xmax>
			<ymax>157</ymax>
		</bndbox>
	</object>
	<object>
		<name>text</name>
		<pose>none</pose>
		<truncated>0</truncated>
		<difficult>0</difficult>
		<bndbox>
			<xmin>246</xmin>
			<ymin>82</ymin>
			<xmax>256</xmax>
			<ymax>157</ymax>
		</bndbox>
	</object>
	<object>
		<name>text</name>
		<pose>none</pose>
		<truncated>0</truncated>
		<difficult>0</difficult>
		<bndbox>
			<xmin>257</xmin>
			<ymin>82</ymin>
			<xmax>261</xmax>
			<ymax>157</ymax>
		</bndbox>
	</object>
	<object>
		<name>text</name>
		<pose>none</pose>
		<truncated>0</truncated>
		<difficult>0</difficult>
		<bndbox>
			<xmin>262</xmin>
			<ymin>82</ymin>
			<xmax>272</xmax>
			<ymax>157</ymax>
		</bndbox>
	</object>
	<object>
		<name>text</name>
		<pose>none</pose>
		<truncated>0</truncated>
		<difficult>0</difficult>
		<bndbox>
			<xmin>273</xmin>
			<ymin>82</ymin>
			<xmax>277</xmax>
			<ymax>157</ymax>
		</bndbox>
	</object>
	<object>
		<name>text</name>
		<pose>none</pose>
		<truncated>0</truncated>
		<difficult>0</difficult>
		<bndbox>
			<xmin>278</xmin>
			<ymin>82</ymin>
			<xmax>288</xmax>
			<ymax>157</ymax>
		</bndbox>
	</object>
	<object>
		<name>text</name>
		<pose>none</pose>
		<truncated>0</truncated>
		<difficult>0</difficult>
		<bndbox>
			<xmin>289</xmin>
			<ymin>82</ymin>
			<xmax>293</xmax>
			<ymax>157</ymax>
		</bndbox>
	</object>
	<object>
		<name>text</name>
		<pose>none</pose>
		<truncated>0</truncated>
		<difficult>0</difficult>
		<bndbox>
			<xmin>294</xmin>
			<ymin>82</ymin>
			<xmax>304</xmax>
			<ymax>157</ymax>
		</bndbox>
	</object>
	<object>
		<name>text</name>
		<pose>none</pose>
		<truncated>0</truncated>
		<difficult>0</difficult>
		<bndbox>
			<xmin>305</xmin>
			<ymin>82</ymin>
			<xmax>309</xmax>
			<ymax>157</ymax>
		</bndbox>
	</object>
	<object>
		<name>text</name>
		<pose>none</pose>
		<truncated>0</truncated>
		<difficult>0</difficult>
		<bndbox>
			<xmin>310</xmin>
			<ymin>82</ymin>
			<xmax>320</xmax>
			<ymax>157</ymax>
		</bndbox>
	</object>
	<object>
		<name>text</name>
		<pose>none</pose>
		<truncated>0</truncated>
		<difficult>0</difficult>
		<bndbox>
			<xmin>321</xmin>
			<ymin>82</ymin>
			<xmax>325</xmax>
			<ymax>157</ymax>
		</bndbox>
	</object>
	<object>
		<name>text</name>
		<pose>none</pose>
		<truncated>0</truncated>
		<difficult>0</difficult>
		<bndbox>
			<xmin>326</xmin>
			<ymin>82</ymin>
			<xmax>336</xmax>
			<ymax>157</ymax>
		</bndbox>
	</object>
	<object>
		<name>text</name>
		<pose>none</pose>
		<truncated>0</truncated>
		<difficult>0</difficult>
		<bndbox>
			<xmin>337</xmin>
			<ymin>82</ymin>
			<xmax>341</xmax>
			<ymax>157</ymax>
		</bndbox>
	</object>
	<object>
		<name>text</name>
		<pose>none</pose>
		<truncated>0</truncated>
		<difficult>0</difficult>
		<bndbox>
			<xmin>342</xmin>
			<ymin>82</ymin>
			<xmax>352</xmax>
			<ymax>157</ymax>
		</bndbox>
	</object>
	<object>
		<name>text</name>
		<pose>none</pose>
		<truncated>0</truncated>
		<difficult>0</difficult>
		<bndbox>
			<xmin>353</xmin>
			<ymin>82</ymin>
			<xmax>357</xmax>
			<ymax>157</ymax>
		</bndbox>
	</object>
	<object>
		<name>text</name>
		<pose>none</pose>
		<truncated>0</truncated>
		<difficult>0</difficult>
		<bndbox>
			<xmin>358</xmin>
			<ymin>82</ymin>
			<xmax>368</xmax>
			<ymax>157</ymax>
		</bndbox>
	</object>
	<object>
		<name>text</name>
		<pose>none</pose>
		<truncated>0</truncated>
		<difficult>0</difficult>
		<bndbox>
			<xmin>369</xmin>
			<ymin>82</ymin>
			<xmax>373</xmax>
			<ymax>157</ymax>
		</bndbox>
	</object>
	<object>
		<name>text</name>
		<pose>none</pose>
		<truncated>0</truncated>
		<difficult>0</difficult>
		<bndbox>
			<xmin>374</xmin>
			<ymin>82</ymin>
			<xmax>384</xmax>
			<ymax>157</ymax>
		</bndbox>
	</object>
	<object>
		<name>text</name>
		<pose>none</pose>
		<truncated>0</truncated>
		<difficult>0</difficult>
		<bndbox>
			<xmin>385</xmin>
			<ymin>82</ymin>
			<xmax>389</xmax>
			<ymax>157</ymax>
		</bndbox>
	</object>
	<object>
		<name>text</name>
		<pose>none</pose>
		<truncated>0</truncated>
		<difficult>0</difficult>
		<bndbox>
			<xmin>390</xmin>
			<ymin>82</ymin>
			<xmax>400</xmax>
			<ymax>157</ymax>
		</bndbox>
	</object>
	<object>
		<name>text</name>
		<pose>none</pose>
		<truncated>0</truncated>
		<difficult>0</difficult>
		<bndbox>
			<xmin>401</xmin>
			<ymin>82</ymin>
			<xmax>405</xmax>
			<ymax>157</ymax>
		</bndbox>
	</object>
	<object>
		<name>text</name>
		<pose>none</pose>
		<truncated>0</truncated>
		<difficult>0</difficult>
		<bndbox>
			<xmin>406</xmin>
			<ymin>82</ymin>
			<xmax>416</xmax>
			<ymax>157</ymax>
		</bndbox>
	</object>
	<object>
		<name>text</name>
		<pose>none</pose>
		<truncated>0</truncated>
		<difficult>0</difficult>
		<bndbox>
			<xmin>417</xmin>
			<ymin>82</ymin>
			<xmax>421</xmax>
			<ymax>157</ymax>
		</bndbox>
	</object>
	<object>
		<name>text</name>
		<pose>none</pose>
		<truncated>0</truncated>
		<difficult>0</difficult>
		<bndbox>
			<xmin>424</xmin>
			<ymin>77</ymin>
			<xmax>432</xmax>
			<ymax>131</ymax>
		</bndbox>
	</object>
	<object>
		<name>text</name>
		<pose>none</pose>
		<truncated>0</truncated>
		<difficult>0</difficult>
		<bndbox>
			<xmin>433</xmin>
			<ymin>77</ymin>
			<xmax>439</xmax>
			<ymax>131</ymax>
		</bndbox>
	</object>
	<object>
		<name>text</name>
		<pose>none</pose>
		<truncated>0</truncated>
		<difficult>0</difficult>
		<bndbox>
			<xmin>439</xmin>
			<ymin>77</ymin>
			<xmax>448</xmax>
			<ymax>131</ymax>
		</bndbox>
	</object>
	<object>
		<name>text</name>
		<pose>none</pose>
		<truncated>0</truncated>
		<difficult>0</difficult>
		<bndbox>
			<xmin>449</xmin>
			<ymin>77</ymin>
			<xmax>455</xmax>
			<ymax>131</ymax>
		</bndbox>
	</object>
	<object>
		<name>text</name>
		<pose>none</pose>
		<truncated>0</truncated>
		<difficult>0</difficult>
		<bndbox>
			<xmin>456</xmin>
			<ymin>77</ymin>
			<xmax>464</xmax>
			<ymax>131</ymax>
		</bndbox>
	</object>
	<object>
		<name>text</name>
		<pose>none</pose>
		<truncated>0</truncated>
		<difficult>0</difficult>
		<bndbox>
			<xmin>465</xmin>
			<ymin>77</ymin>
			<xmax>471</xmax>
			<ymax>131</ymax>
		</bndbox>
	</object>
	<object>
		<name>text</name>
		<pose>none</pose>
		<truncated>0</truncated>
		<difficult>0</difficult>
		<bndbox>
			<xmin>474</xmin>
			<ymin>79</ymin>
			<xmax>480</xmax>
			<ymax>128</ymax>
		</bndbox>
	</object>
	<object>
		<name>text</name>
		<pose>none</pose>
		<truncated>0</truncated>
		<difficult>0</difficult>
		<bndbox>
			<xmin>481</xmin>
			<ymin>79</ymin>
			<xmax>489</xmax>
			<ymax>128</ymax>
		</bndbox>
	</object>
	<object>
		<name>text</name>
		<pose>none</pose>
		<truncated>0</truncated>
		<difficult>0</difficult>
		<bndbox>
			<xmin>489</xmin>
			<ymin>79</ymin>
			<xmax>496</xmax>
			<ymax>128</ymax>
		</bndbox>
	</object>
	<object>
		<name>text</name>
		<pose>none</pose>
		<truncated>0</truncated>
		<difficult>0</difficult>
		<bndbox>
			<xmin>497</xmin>
			<ymin>79</ymin>
			<xmax>505</xmax>
			<ymax>128</ymax>
		</bndbox>
	</object>
	<object>
		<name>text</name>
		<pose>none</pose>
		<truncated>0</truncated>
		<difficult>0</difficult>
		<bndbox>
			<xmin>506</xmin>
			<ymin>79</ymin>
			<xmax>512</xmax>
			<ymax>128</ymax>
		</bndbox>
	</object>
	<object>
		<name>text</name>
		<pose>none</pose>
		<truncated>0</truncated>
		<difficult>0</difficult>
		<bndbox>
			<xmin>513</xmin>
			<ymin>79</ymin>
			<xmax>521</xmax>
			<ymax>128</ymax>
		</bndbox>
	</object>
	<object>
		<name>text</name>
		<pose>none</pose>
		<truncated>0</truncated>
		<difficult>0</difficult>
		<bndbox>
			<xmin>522</xmin>
			<ymin>79</ymin>
			<xmax>528</xmax>
			<ymax>128</ymax>
		</bndbox>
	</object>
	<object>
		<name>text</name>
		<pose>none</pose>
		<truncated>0</truncated>
		<difficult>0</difficult>
		<bndbox>
			<xmin>529</xmin>
			<ymin>79</ymin>
			<xmax>537</xmax>
			<ymax>128</ymax>
		</bndbox>
	</object>
	<object>
		<name>text</name>
		<pose>none</pose>
		<truncated>0</truncated>
		<difficult>0</difficult>
		<bndbox>
			<xmin>538</xmin>
			<ymin>79</ymin>
			<xmax>544</xmax>
			<ymax>128</ymax>
		</bndbox>
	</object>
	<object>
		<name>text</name>
		<pose>none</pose>
		<truncated>0</truncated>
		<difficult>0</difficult>
		<bndbox>
			<xmin>545</xmin>
			<ymin>79</ymin>
			<xmax>553</xmax>
			<ymax>128</ymax>
		</bndbox>
	</object>
	<object>
		<name>text</name>
		<pose>none</pose>
		<truncated>0</truncated>
		<difficult>0</difficult>
		<bndbox>
			<xmin>554</xmin>
			<ymin>79</ymin>
			<xmax>560</xmax>
			<ymax>128</ymax>
		</bndbox>
	</object>
	<object>
		<name>text</name>
		<pose>none</pose>
		<truncated>0</truncated>
		<difficult>0</difficult>
		<bndbox>
			<xmin>561</xmin>
			<ymin>79</ymin>
			<xmax>569</xmax>
			<ymax>128</ymax>
		</bndbox>
	</object>
	<object>
		<name>text</name>
		<pose>none</pose>
		<truncated>0</truncated>
		<difficult>0</difficult>
		<bndbox>
			<xmin>570</xmin>
			<ymin>79</ymin>
			<xmax>576</xmax>
			<ymax>128</ymax>
		</bndbox>
	</object>
	<object>
		<name>text</name>
		<pose>none</pose>
		<truncated>0</truncated>
		<difficult>0</difficult>
		<bndbox>
			<xmin>577</xmin>
			<ymin>79</ymin>
			<xmax>585</xmax>
			<ymax>128</ymax>
		</bndbox>
	</object>
	<object>
		<name>text</name>
		<pose>none</pose>
		<truncated>0</truncated>
		<difficult>0</difficult>
		<bndbox>
			<xmin>586</xmin>
			<ymin>79</ymin>
			<xmax>592</xmax>
			<ymax>128</ymax>
		</bndbox>
	</object>
	<object>
		<name>text</name>
		<pose>none</pose>
		<truncated>0</truncated>
		<difficult>0</difficult>
		<bndbox>
			<xmin>593</xmin>
			<ymin>79</ymin>
			<xmax>601</xmax>
			<ymax>128</ymax>
		</bndbox>
	</object>
	<object>
		<name>text</name>
		<pose>none</pose>
		<truncated>0</truncated>
		<difficult>0</difficult>
		<bndbox>
			<xmin>602</xmin>
			<ymin>79</ymin>
			<xmax>608</xmax>
			<ymax>128</ymax>
		</bndbox>
	</object>
	<object>
		<name>text</name>
		<pose>none</pose>
		<truncated>0</truncated>
		<difficult>0</difficult>
		<bndbox>
			<xmin>609</xmin>
			<ymin>79</ymin>
			<xmax>617</xmax>
			<ymax>128</ymax>
		</bndbox>
	</object>
</annotation>
