<?xml version="1.0" ?>
<annotation>
	<folder>text</folder>
	<filename>img_1008.jpg</filename>
	<source>
		<database>coco_text_database</database>
		<annotation>text</annotation>
		<image>text</image>
		<flickrid>000000</flickrid>
	</source>
	<owner>
		<name>ms</name>
	</owner>
	<size>
		<width>600</width>
		<height>800</height>
		<depth>3</depth>
	</size>
	<segmented>0</segmented>
	<object>
		<name>text</name>
		<pose>none</pose>
		<truncated>0</truncated>
		<difficult>0</difficult>
		<bndbox>
			<xmin>23</xmin>
			<ymin>359</ymin>
			<xmax>32</xmax>
			<ymax>444</ymax>
		</bndbox>
	</object>
	<object>
		<name>text</name>
		<pose>none</pose>
		<truncated>0</truncated>
		<difficult>0</difficult>
		<bndbox>
			<xmin>33</xmin>
			<ymin>359</ymin>
			<xmax>38</xmax>
			<ymax>444</ymax>
		</bndbox>
	</object>
	<object>
		<name>text</name>
		<pose>none</pose>
		<truncated>0</truncated>
		<difficult>0</difficult>
		<bndbox>
			<xmin>39</xmin>
			<ymin>359</ymin>
			<xmax>48</xmax>
			<ymax>444</ymax>
		</bndbox>
	</object>
	<object>
		<name>text</name>
		<pose>none</pose>
		<truncated>0</truncated>
		<difficult>0</difficult>
		<bndbox>
			<xmin>49</xmin>
			<ymin>359</ymin>
			<xmax>54</xmax>
			<ymax>444</ymax>
		</bndbox>
	</object>
	<object>
		<name>text</name>
		<pose>none</pose>
		<truncated>0</truncated>
		<difficult>0</difficult>
		<bndbox>
			<xmin>55</xmin>
			<ymin>359</ymin>
			<xmax>64</xmax>
			<ymax>444</ymax>
		</bndbox>
	</object>
	<object>
		<name>text</name>
		<pose>none</pose>
		<truncated>0</truncated>
		<difficult>0</difficult>
		<bndbox>
			<xmin>65</xmin>
			<ymin>359</ymin>
			<xmax>70</xmax>
			<ymax>444</ymax>
		</bndbox>
	</object>
	<object>
		<name>text</name>
		<pose>none</pose>
		<truncated>0</truncated>
		<difficult>0</difficult>
		<bndbox>
			<xmin>71</xmin>
			<ymin>359</ymin>
			<xmax>80</xmax>
			<ymax>444</ymax>
		</bndbox>
	</object>
	<object>
		<name>text</name>
		<pose>none</pose>
		<truncated>0</truncated>
		<difficult>0</difficult>
		<bndbox>
			<xmin>81</xmin>
			<ymin>359</ymin>
			<xmax>86</xmax>
			<ymax>444</ymax>
		</bndbox>
	</object>
	<object>
		<name>text</name>
		<pose>none</pose>
		<truncated>0</truncated>
		<difficult>0</difficult>
		<bndbox>
			<xmin>87</xmin>
			<ymin>359</ymin>
			<xmax>96</xmax>
			<ymax>444</ymax>
		</bndbox>
	</object>
	<object>
		<name>text</name>
		<pose>none</pose>
		<truncated>0</truncated>
		<difficult>0</difficult>
		<bndbox>
			<xmin>97</xmin>
			<ymin>359</ymin>
			<xmax>102</xmax>
			<ymax>444</ymax>
		</bndbox>
	</object>
	<object>
		<name>text</name>
		<pose>none</pose>
		<truncated>0</truncated>
		<difficult>0</difficult>
		<bndbox>
			<xmin>103</xmin>
			<ymin>359</ymin>
			<xmax>112</xmax>
			<ymax>444</ymax>
		</bndbox>
	</object>
	<object>
		<name>text</name>
		<pose>none</pose>
		<truncated>0</truncated>
		<difficult>0</difficult>
		<bndbox>
			<xmin>113</xmin>
			<ymin>359</ymin>
			<xmax>118</xmax>
			<ymax>444</ymax>
		</bndbox>
	</object>
	<object>
		<name>text</name>
		<pose>none</pose>
		<truncated>0</truncated>
		<difficult>0</difficult>
		<bndbox>
			<xmin>119</xmin>
			<ymin>359</ymin>
			<xmax>128</xmax>
			<ymax>444</ymax>
		</bndbox>
	</object>
	<object>
		<name>text</name>
		<pose>none</pose>
		<truncated>0</truncated>
		<difficult>0</difficult>
		<bndbox>
			<xmin>129</xmin>
			<ymin>359</ymin>
			<xmax>134</xmax>
			<ymax>444</ymax>
		</bndbox>
	</object>
	<object>
		<name>text</name>
		<pose>none</pose>
		<truncated>0</truncated>
		<difficult>0</difficult>
		<bndbox>
			<xmin>135</xmin>
			<ymin>359</ymin>
			<xmax>144</xmax>
			<ymax>444</ymax>
		</bndbox>
	</object>
	<object>
		<name>text</name>
		<pose>none</pose>
		<truncated>0</truncated>
		<difficult>0</difficult>
		<bndbox>
			<xmin>145</xmin>
			<ymin>359</ymin>
			<xmax>150</xmax>
			<ymax>444</ymax>
		</bndbox>
	</object>
	<object>
		<name>text</name>
		<pose>none</pose>
		<truncated>0</truncated>
		<difficult>0</difficult>
		<bndbox>
			<xmin>151</xmin>
			<ymin>359</ymin>
			<xmax>160</xmax>
			<ymax>444</ymax>
		</bndbox>
	</object>
	<object>
		<name>text</name>
		<pose>none</pose>
		<truncated>0</truncated>
		<difficult>0</difficult>
		<bndbox>
			<xmin>161</xmin>
			<ymin>359</ymin>
			<xmax>166</xmax>
			<ymax>444</ymax>
		</bndbox>
	</object>
	<object>
		<name>text</name>
		<pose>none</pose>
		<truncated>0</truncated>
		<difficult>0</difficult>
		<bndbox>
			<xmin>167</xmin>
			<ymin>359</ymin>
			<xmax>176</xmax>
			<ymax>444</ymax>
		</bndbox>
	</object>
	<object>
		<name>text</name>
		<pose>none</pose>
		<truncated>0</truncated>
		<difficult>0</difficult>
		<bndbox>
			<xmin>177</xmin>
			<ymin>359</ymin>
			<xmax>182</xmax>
			<ymax>444</ymax>
		</bndbox>
	</object>
	<object>
		<name>text</name>
		<pose>none</pose>
		<truncated>0</truncated>
		<difficult>0</difficult>
		<bndbox>
			<xmin>183</xmin>
			<ymin>359</ymin>
			<xmax>192</xmax>
			<ymax>444</ymax>
		</bndbox>
	</object>
	<object>
		<name>text</name>
		<pose>none</pose>
		<truncated>0</truncated>
		<difficult>0</difficult>
		<bndbox>
			<xmin>193</xmin>
			<ymin>359</ymin>
			<xmax>198</xmax>
			<ymax>444</ymax>
		</bndbox>
	</object>
	<object>
		<name>text</name>
		<pose>none</pose>
		<truncated>0</truncated>
		<difficult>0</difficult>
		<bndbox>
			<xmin>199</xmin>
			<ymin>359</ymin>
			<xmax>208</xmax>
			<ymax>444</ymax>
		</bndbox>
	</object>
	<object>
		<name>text</name>
		<pose>none</pose>
		<truncated>0</truncated>
		<difficult>0</difficult>
		<bndbox>
			<xmin>209</xmin>
			<ymin>359</ymin>
			<xmax>214</xmax>
			<ymax>444</ymax>
		</bndbox>
	</object>
	<object>
		<name>text</name>
		<pose>none</pose>
		<truncated>0</truncated>
		<difficult>0</difficult>
		<bndbox>
			<xmin>215</xmin>
			<ymin>359</ymin>
			<xmax>224</xmax>
			<ymax>444</ymax>
		</bndbox>
	</object>
	<object>
		<name>text</name>
		<pose>none</pose>
		<truncated>0</truncated>
		<difficult>0</difficult>
		<bndbox>
			<xmin>225</xmin>
			<ymin>359</ymin>
			<xmax>230</xmax>
			<ymax>444</ymax>
		</bndbox>
	</object>
	<object>
		<name>text</name>
		<pose>none</pose>
		<truncated>0</truncated>
		<difficult>0</difficult>
		<bndbox>
			<xmin>231</xmin>
			<ymin>359</ymin>
			<xmax>240</xmax>
			<ymax>444</ymax>
		</bndbox>
	</object>
	<object>
		<name>text</name>
		<pose>none</pose>
		<truncated>0</truncated>
		<difficult>0</difficult>
		<bndbox>
			<xmin>241</xmin>
			<ymin>359</ymin>
			<xmax>246</xmax>
			<ymax>444</ymax>
		</bndbox>
	</object>
	<object>
		<name>text</name>
		<pose>none</pose>
		<truncated>0</truncated>
		<difficult>0</difficult>
		<bndbox>
			<xmin>246</xmin>
			<ymin>359</ymin>
			<xmax>256</xmax>
			<ymax>444</ymax>
		</bndbox>
	</object>
	<object>
		<name>text</name>
		<pose>none</pose>
		<truncated>0</truncated>
		<difficult>0</difficult>
		<bndbox>
			<xmin>257</xmin>
			<ymin>359</ymin>
			<xmax>262</xmax>
			<ymax>444</ymax>
		</bndbox>
	</object>
	<object>
		<name>text</name>
		<pose>none</pose>
		<truncated>0</truncated>
		<difficult>0</difficult>
		<bndbox>
			<xmin>263</xmin>
			<ymin>359</ymin>
			<xmax>272</xmax>
			<ymax>444</ymax>
		</bndbox>
	</object>
	<object>
		<name>text</name>
		<pose>none</pose>
		<truncated>0</truncated>
		<difficult>0</difficult>
		<bndbox>
			<xmin>273</xmin>
			<ymin>359</ymin>
			<xmax>278</xmax>
			<ymax>444</ymax>
		</bndbox>
	</object>
	<object>
		<name>text</name>
		<pose>none</pose>
		<truncated>0</truncated>
		<difficult>0</difficult>
		<bndbox>
			<xmin>279</xmin>
			<ymin>359</ymin>
			<xmax>288</xmax>
			<ymax>444</ymax>
		</bndbox>
	</object>
	<object>
		<name>text</name>
		<pose>none</pose>
		<truncated>0</truncated>
		<difficult>0</difficult>
		<bndbox>
			<xmin>289</xmin>
			<ymin>359</ymin>
			<xmax>294</xmax>
			<ymax>444</ymax>
		</bndbox>
	</object>
	<object>
		<name>text</name>
		<pose>none</pose>
		<truncated>0</truncated>
		<difficult>0</difficult>
		<bndbox>
			<xmin>295</xmin>
			<ymin>359</ymin>
			<xmax>304</xmax>
			<ymax>444</ymax>
		</bndbox>
	</object>
	<object>
		<name>text</name>
		<pose>none</pose>
		<truncated>0</truncated>
		<difficult>0</difficult>
		<bndbox>
			<xmin>305</xmin>
			<ymin>359</ymin>
			<xmax>310</xmax>
			<ymax>444</ymax>
		</bndbox>
	</object>
	<object>
		<name>text</name>
		<pose>none</pose>
		<truncated>0</truncated>
		<difficult>0</difficult>
		<bndbox>
			<xmin>311</xmin>
			<ymin>359</ymin>
			<xmax>320</xmax>
			<ymax>444</ymax>
		</bndbox>
	</object>
	<object>
		<name>text</name>
		<pose>none</pose>
		<truncated>0</truncated>
		<difficult>0</difficult>
		<bndbox>
			<xmin>321</xmin>
			<ymin>359</ymin>
			<xmax>326</xmax>
			<ymax>444</ymax>
		</bndbox>
	</object>
	<object>
		<name>text</name>
		<pose>none</pose>
		<truncated>0</truncated>
		<difficult>0</difficult>
		<bndbox>
			<xmin>90</xmin>
			<ymin>423</ymin>
			<xmax>96</xmax>
			<ymax>530</ymax>
		</bndbox>
	</object>
	<object>
		<name>text</name>
		<pose>none</pose>
		<truncated>0</truncated>
		<difficult>0</difficult>
		<bndbox>
			<xmin>97</xmin>
			<ymin>423</ymin>
			<xmax>105</xmax>
			<ymax>530</ymax>
		</bndbox>
	</object>
	<object>
		<name>text</name>
		<pose>none</pose>
		<truncated>0</truncated>
		<difficult>0</difficult>
		<bndbox>
			<xmin>106</xmin>
			<ymin>423</ymin>
			<xmax>112</xmax>
			<ymax>530</ymax>
		</bndbox>
	</object>
	<object>
		<name>text</name>
		<pose>none</pose>
		<truncated>0</truncated>
		<difficult>0</difficult>
		<bndbox>
			<xmin>113</xmin>
			<ymin>423</ymin>
			<xmax>121</xmax>
			<ymax>530</ymax>
		</bndbox>
	</object>
	<object>
		<name>text</name>
		<pose>none</pose>
		<truncated>0</truncated>
		<difficult>0</difficult>
		<bndbox>
			<xmin>122</xmin>
			<ymin>423</ymin>
			<xmax>128</xmax>
			<ymax>530</ymax>
		</bndbox>
	</object>
	<object>
		<name>text</name>
		<pose>none</pose>
		<truncated>0</truncated>
		<difficult>0</difficult>
		<bndbox>
			<xmin>129</xmin>
			<ymin>423</ymin>
			<xmax>137</xmax>
			<ymax>530</ymax>
		</bndbox>
	</object>
	<object>
		<name>text</name>
		<pose>none</pose>
		<truncated>0</truncated>
		<difficult>0</difficult>
		<bndbox>
			<xmin>138</xmin>
			<ymin>423</ymin>
			<xmax>144</xmax>
			<ymax>530</ymax>
		</bndbox>
	</object>
	<object>
		<name>text</name>
		<pose>none</pose>
		<truncated>0</truncated>
		<difficult>0</difficult>
		<bndbox>
			<xmin>145</xmin>
			<ymin>423</ymin>
			<xmax>153</xmax>
			<ymax>530</ymax>
		</bndbox>
	</object>
	<object>
		<name>text</name>
		<pose>none</pose>
		<truncated>0</truncated>
		<difficult>0</difficult>
		<bndbox>
			<xmin>154</xmin>
			<ymin>423</ymin>
			<xmax>160</xmax>
			<ymax>530</ymax>
		</bndbox>
	</object>
	<object>
		<name>text</name>
		<pose>none</pose>
		<truncated>0</truncated>
		<difficult>0</difficult>
		<bndbox>
			<xmin>161</xmin>
			<ymin>423</ymin>
			<xmax>169</xmax>
			<ymax>530</ymax>
		</bndbox>
	</object>
	<object>
		<name>text</name>
		<pose>none</pose>
		<truncated>0</truncated>
		<difficult>0</difficult>
		<bndbox>
			<xmin>170</xmin>
			<ymin>423</ymin>
			<xmax>176</xmax>
			<ymax>530</ymax>
		</bndbox>
	</object>
	<object>
		<name>text</name>
		<pose>none</pose>
		<truncated>0</truncated>
		<difficult>0</difficult>
		<bndbox>
			<xmin>177</xmin>
			<ymin>423</ymin>
			<xmax>185</xmax>
			<ymax>530</ymax>
		</bndbox>
	</object>
	<object>
		<name>text</name>
		<pose>none</pose>
		<truncated>0</truncated>
		<difficult>0</difficult>
		<bndbox>
			<xmin>186</xmin>
			<ymin>423</ymin>
			<xmax>192</xmax>
			<ymax>530</ymax>
		</bndbox>
	</object>
	<object>
		<name>text</name>
		<pose>none</pose>
		<truncated>0</truncated>
		<difficult>0</difficult>
		<bndbox>
			<xmin>193</xmin>
			<ymin>423</ymin>
			<xmax>201</xmax>
			<ymax>530</ymax>
		</bndbox>
	</object>
	<object>
		<name>text</name>
		<pose>none</pose>
		<truncated>0</truncated>
		<difficult>0</difficult>
		<bndbox>
			<xmin>202</xmin>
			<ymin>423</ymin>
			<xmax>208</xmax>
			<ymax>530</ymax>
		</bndbox>
	</object>
	<object>
		<name>text</name>
		<pose>none</pose>
		<truncated>0</truncated>
		<difficult>0</difficult>
		<bndbox>
			<xmin>209</xmin>
			<ymin>423</ymin>
			<xmax>217</xmax>
			<ymax>530</ymax>
		</bndbox>
	</object>
	<object>
		<name>text</name>
		<pose>none</pose>
		<truncated>0</truncated>
		<difficult>0</difficult>
		<bndbox>
			<xmin>218</xmin>
			<ymin>423</ymin>
			<xmax>224</xmax>
			<ymax>530</ymax>
		</bndbox>
	</object>
	<object>
		<name>text</name>
		<pose>none</pose>
		<truncated>0</truncated>
		<difficult>0</difficult>
		<bndbox>
			<xmin>225</xmin>
			<ymin>423</ymin>
			<xmax>233</xmax>
			<ymax>530</ymax>
		</bndbox>
	</object>
	<object>
		<name>text</name>
		<pose>none</pose>
		<truncated>0</truncated>
		<difficult>0</difficult>
		<bndbox>
			<xmin>233</xmin>
			<ymin>423</ymin>
			<xmax>240</xmax>
			<ymax>530</ymax>
		</bndbox>
	</object>
	<object>
		<name>text</name>
		<pose>none</pose>
		<truncated>0</truncated>
		<difficult>0</difficult>
		<bndbox>
			<xmin>241</xmin>
			<ymin>423</ymin>
			<xmax>249</xmax>
			<ymax>530</ymax>
		</bndbox>
	</object>
	<object>
		<name>text</name>
		<pose>none</pose>
		<truncated>0</truncated>
		<difficult>0</difficult>
		<bndbox>
			<xmin>250</xmin>
			<ymin>423</ymin>
			<xmax>256</xmax>
			<ymax>530</ymax>
		</bndbox>
	</object>
	<object>
		<name>text</name>
		<pose>none</pose>
		<truncated>0</truncated>
		<difficult>0</difficult>
		<bndbox>
			<xmin>257</xmin>
			<ymin>423</ymin>
			<xmax>265</xmax>
			<ymax>530</ymax>
		</bndbox>
	</object>
	<object>
		<name>text</name>
		<pose>none</pose>
		<truncated>0</truncated>
		<difficult>0</difficult>
		<bndbox>
			<xmin>266</xmin>
			<ymin>423</ymin>
			<xmax>272</xmax>
			<ymax>530</ymax>
		</bndbox>
	</object>
	<object>
		<name>text</name>
		<pose>none</pose>
		<truncated>0</truncated>
		<difficult>0</difficult>
		<bndbox>
			<xmin>273</xmin>
			<ymin>423</ymin>
			<xmax>281</xmax>
			<ymax>530</ymax>
		</bndbox>
	</object>
	<object>
		<name>text</name>
		<pose>none</pose>
		<truncated>0</truncated>
		<difficult>0</difficult>
		<bndbox>
			<xmin>282</xmin>
			<ymin>423</ymin>
			<xmax>288</xmax>
			<ymax>530</ymax>
		</bndbox>
	</object>
	<object>
		<name>text</name>
		<pose>none</pose>
		<truncated>0</truncated>
		<difficult>0</difficult>
		<bndbox>
			<xmin>289</xmin>
			<ymin>423</ymin>
			<xmax>297</xmax>
			<ymax>530</ymax>
		</bndbox>
	</object>
	<object>
		<name>text</name>
		<pose>none</pose>
		<truncated>0</truncated>
		<difficult>0</difficult>
		<bndbox>
			<xmin>298</xmin>
			<ymin>423</ymin>
			<xmax>304</xmax>
			<ymax>530</ymax>
		</bndbox>
	</object>
	<object>
		<name>text</name>
		<pose>none</pose>
		<truncated>0</truncated>
		<difficult>0</difficult>
		<bndbox>
			<xmin>305</xmin>
			<ymin>423</ymin>
			<xmax>313</xmax>
			<ymax>530</ymax>
		</bndbox>
	</object>
	<object>
		<name>text</name>
		<pose>none</pose>
		<truncated>0</truncated>
		<difficult>0</difficult>
		<bndbox>
			<xmin>313</xmin>
			<ymin>423</ymin>
			<xmax>320</xmax>
			<ymax>530</ymax>
		</bndbox>
	</object>
	<object>
		<name>text</name>
		<pose>none</pose>
		<truncated>0</truncated>
		<difficult>0</difficult>
		<bndbox>
			<xmin>321</xmin>
			<ymin>423</ymin>
			<xmax>329</xmax>
			<ymax>530</ymax>
		</bndbox>
	</object>
	<object>
		<name>text</name>
		<pose>none</pose>
		<truncated>0</truncated>
		<difficult>0</difficult>
		<bndbox>
			<xmin>330</xmin>
			<ymin>423</ymin>
			<xmax>336</xmax>
			<ymax>530</ymax>
		</bndbox>
	</object>
	<object>
		<name>text</name>
		<pose>none</pose>
		<truncated>0</truncated>
		<difficult>0</difficult>
		<bndbox>
			<xmin>337</xmin>
			<ymin>423</ymin>
			<xmax>345</xmax>
			<ymax>530</ymax>
		</bndbox>
	</object>
	<object>
		<name>text</name>
		<pose>none</pose>
		<truncated>0</truncated>
		<difficult>0</difficult>
		<bndbox>
			<xmin>346</xmin>
			<ymin>423</ymin>
			<xmax>352</xmax>
			<ymax>530</ymax>
		</bndbox>
	</object>
	<object>
		<name>text</name>
		<pose>none</pose>
		<truncated>0</truncated>
		<difficult>0</difficult>
		<bndbox>
			<xmin>353</xmin>
			<ymin>423</ymin>
			<xmax>361</xmax>
			<ymax>530</ymax>
		</bndbox>
	</object>
	<object>
		<name>text</name>
		<pose>none</pose>
		<truncated>0</truncated>
		<difficult>0</difficult>
		<bndbox>
			<xmin>362</xmin>
			<ymin>423</ymin>
			<xmax>368</xmax>
			<ymax>530</ymax>
		</bndbox>
	</object>
	<object>
		<name>text</name>
		<pose>none</pose>
		<truncated>0</truncated>
		<difficult>0</difficult>
		<bndbox>
			<xmin>369</xmin>
			<ymin>423</ymin>
			<xmax>377</xmax>
			<ymax>530</ymax>
		</bndbox>
	</object>
	<object>
		<name>text</name>
		<pose>none</pose>
		<truncated>0</truncated>
		<difficult>0</difficult>
		<bndbox>
			<xmin>26</xmin>
			<ymin>527</ymin>
			<xmax>32</xmax>
			<ymax>615</ymax>
		</bndbox>
	</object>
	<object>
		<name>text</name>
		<pose>none</pose>
		<truncated>0</truncated>
		<difficult>0</difficult>
		<bndbox>
			<xmin>33</xmin>
			<ymin>527</ymin>
			<xmax>41</xmax>
			<ymax>615</ymax>
		</bndbox>
	</object>
	<object>
		<name>text</name>
		<pose>none</pose>
		<truncated>0</truncated>
		<difficult>0</difficult>
		<bndbox>
			<xmin>42</xmin>
			<ymin>527</ymin>
			<xmax>48</xmax>
			<ymax>615</ymax>
		</bndbox>
	</object>
	<object>
		<name>text</name>
		<pose>none</pose>
		<truncated>0</truncated>
		<difficult>0</difficult>
		<bndbox>
			<xmin>49</xmin>
			<ymin>527</ymin>
			<xmax>57</xmax>
			<ymax>615</ymax>
		</bndbox>
	</object>
	<object>
		<name>text</name>
		<pose>none</pose>
		<truncated>0</truncated>
		<difficult>0</difficult>
		<bndbox>
			<xmin>58</xmin>
			<ymin>527</ymin>
			<xmax>64</xmax>
			<ymax>615</ymax>
		</bndbox>
	</object>
	<object>
		<name>text</name>
		<pose>none</pose>
		<truncated>0</truncated>
		<difficult>0</difficult>
		<bndbox>
			<xmin>65</xmin>
			<ymin>527</ymin>
			<xmax>73</xmax>
			<ymax>615</ymax>
		</bndbox>
	</object>
	<object>
		<name>text</name>
		<pose>none</pose>
		<truncated>0</truncated>
		<difficult>0</difficult>
		<bndbox>
			<xmin>74</xmin>
			<ymin>527</ymin>
			<xmax>80</xmax>
			<ymax>615</ymax>
		</bndbox>
	</object>
	<object>
		<name>text</name>
		<pose>none</pose>
		<truncated>0</truncated>
		<difficult>0</difficult>
		<bndbox>
			<xmin>81</xmin>
			<ymin>527</ymin>
			<xmax>89</xmax>
			<ymax>615</ymax>
		</bndbox>
	</object>
	<object>
		<name>text</name>
		<pose>none</pose>
		<truncated>0</truncated>
		<difficult>0</difficult>
		<bndbox>
			<xmin>90</xmin>
			<ymin>527</ymin>
			<xmax>96</xmax>
			<ymax>615</ymax>
		</bndbox>
	</object>
	<object>
		<name>text</name>
		<pose>none</pose>
		<truncated>0</truncated>
		<difficult>0</difficult>
		<bndbox>
			<xmin>97</xmin>
			<ymin>527</ymin>
			<xmax>105</xmax>
			<ymax>615</ymax>
		</bndbox>
	</object>
	<object>
		<name>text</name>
		<pose>none</pose>
		<truncated>0</truncated>
		<difficult>0</difficult>
		<bndbox>
			<xmin>106</xmin>
			<ymin>527</ymin>
			<xmax>112</xmax>
			<ymax>615</ymax>
		</bndbox>
	</object>
	<object>
		<name>text</name>
		<pose>none</pose>
		<truncated>0</truncated>
		<difficult>0</difficult>
		<bndbox>
			<xmin>113</xmin>
			<ymin>527</ymin>
			<xmax>121</xmax>
			<ymax>615</ymax>
		</bndbox>
	</object>
	<object>
		<name>text</name>
		<pose>none</pose>
		<truncated>0</truncated>
		<difficult>0</difficult>
		<bndbox>
			<xmin>122</xmin>
			<ymin>527</ymin>
			<xmax>128</xmax>
			<ymax>615</ymax>
		</bndbox>
	</object>
	<object>
		<name>text</name>
		<pose>none</pose>
		<truncated>0</truncated>
		<difficult>0</difficult>
		<bndbox>
			<xmin>129</xmin>
			<ymin>527</ymin>
			<xmax>137</xmax>
			<ymax>615</ymax>
		</bndbox>
	</object>
	<object>
		<name>text</name>
		<pose>none</pose>
		<truncated>0</truncated>
		<difficult>0</difficult>
		<bndbox>
			<xmin>138</xmin>
			<ymin>527</ymin>
			<xmax>144</xmax>
			<ymax>615</ymax>
		</bndbox>
	</object>
	<object>
		<name>text</name>
		<pose>none</pose>
		<truncated>0</truncated>
		<difficult>0</difficult>
		<bndbox>
			<xmin>145</xmin>
			<ymin>527</ymin>
			<xmax>153</xmax>
			<ymax>615</ymax>
		</bndbox>
	</object>
	<object>
		<name>text</name>
		<pose>none</pose>
		<truncated>0</truncated>
		<difficult>0</difficult>
		<bndbox>
			<xmin>154</xmin>
			<ymin>527</ymin>
			<xmax>160</xmax>
			<ymax>615</ymax>
		</bndbox>
	</object>
	<object>
		<name>text</name>
		<pose>none</pose>
		<truncated>0</truncated>
		<difficult>0</difficult>
		<bndbox>
			<xmin>161</xmin>
			<ymin>527</ymin>
			<xmax>169</xmax>
			<ymax>615</ymax>
		</bndbox>
	</object>
	<object>
		<name>text</name>
		<pose>none</pose>
		<truncated>0</truncated>
		<difficult>0</difficult>
		<bndbox>
			<xmin>170</xmin>
			<ymin>527</ymin>
			<xmax>176</xmax>
			<ymax>615</ymax>
		</bndbox>
	</object>
	<object>
		<name>text</name>
		<pose>none</pose>
		<truncated>0</truncated>
		<difficult>0</difficult>
		<bndbox>
			<xmin>177</xmin>
			<ymin>527</ymin>
			<xmax>185</xmax>
			<ymax>615</ymax>
		</bndbox>
	</object>
	<object>
		<name>text</name>
		<pose>none</pose>
		<truncated>0</truncated>
		<difficult>0</difficult>
		<bndbox>
			<xmin>186</xmin>
			<ymin>527</ymin>
			<xmax>192</xmax>
			<ymax>615</ymax>
		</bndbox>
	</object>
	<object>
		<name>text</name>
		<pose>none</pose>
		<truncated>0</truncated>
		<difficult>0</difficult>
		<bndbox>
			<xmin>193</xmin>
			<ymin>527</ymin>
			<xmax>201</xmax>
			<ymax>615</ymax>
		</bndbox>
	</object>
	<object>
		<name>text</name>
		<pose>none</pose>
		<truncated>0</truncated>
		<difficult>0</difficult>
		<bndbox>
			<xmin>202</xmin>
			<ymin>527</ymin>
			<xmax>208</xmax>
			<ymax>615</ymax>
		</bndbox>
	</object>
	<object>
		<name>text</name>
		<pose>none</pose>
		<truncated>0</truncated>
		<difficult>0</difficult>
		<bndbox>
			<xmin>209</xmin>
			<ymin>527</ymin>
			<xmax>217</xmax>
			<ymax>615</ymax>
		</bndbox>
	</object>
	<object>
		<name>text</name>
		<pose>none</pose>
		<truncated>0</truncated>
		<difficult>0</difficult>
		<bndbox>
			<xmin>218</xmin>
			<ymin>527</ymin>
			<xmax>224</xmax>
			<ymax>615</ymax>
		</bndbox>
	</object>
	<object>
		<name>text</name>
		<pose>none</pose>
		<truncated>0</truncated>
		<difficult>0</difficult>
		<bndbox>
			<xmin>225</xmin>
			<ymin>527</ymin>
			<xmax>233</xmax>
			<ymax>615</ymax>
		</bndbox>
	</object>
	<object>
		<name>text</name>
		<pose>none</pose>
		<truncated>0</truncated>
		<difficult>0</difficult>
		<bndbox>
			<xmin>233</xmin>
			<ymin>527</ymin>
			<xmax>240</xmax>
			<ymax>615</ymax>
		</bndbox>
	</object>
	<object>
		<name>text</name>
		<pose>none</pose>
		<truncated>0</truncated>
		<difficult>0</difficult>
		<bndbox>
			<xmin>241</xmin>
			<ymin>527</ymin>
			<xmax>249</xmax>
			<ymax>615</ymax>
		</bndbox>
	</object>
	<object>
		<name>text</name>
		<pose>none</pose>
		<truncated>0</truncated>
		<difficult>0</difficult>
		<bndbox>
			<xmin>250</xmin>
			<ymin>527</ymin>
			<xmax>256</xmax>
			<ymax>615</ymax>
		</bndbox>
	</object>
	<object>
		<name>text</name>
		<pose>none</pose>
		<truncated>0</truncated>
		<difficult>0</difficult>
		<bndbox>
			<xmin>257</xmin>
			<ymin>527</ymin>
			<xmax>265</xmax>
			<ymax>615</ymax>
		</bndbox>
	</object>
	<object>
		<name>text</name>
		<pose>none</pose>
		<truncated>0</truncated>
		<difficult>0</difficult>
		<bndbox>
			<xmin>266</xmin>
			<ymin>527</ymin>
			<xmax>272</xmax>
			<ymax>615</ymax>
		</bndbox>
	</object>
	<object>
		<name>text</name>
		<pose>none</pose>
		<truncated>0</truncated>
		<difficult>0</difficult>
		<bndbox>
			<xmin>273</xmin>
			<ymin>527</ymin>
			<xmax>281</xmax>
			<ymax>615</ymax>
		</bndbox>
	</object>
	<object>
		<name>text</name>
		<pose>none</pose>
		<truncated>0</truncated>
		<difficult>0</difficult>
		<bndbox>
			<xmin>282</xmin>
			<ymin>527</ymin>
			<xmax>288</xmax>
			<ymax>615</ymax>
		</bndbox>
	</object>
	<object>
		<name>text</name>
		<pose>none</pose>
		<truncated>0</truncated>
		<difficult>0</difficult>
		<bndbox>
			<xmin>289</xmin>
			<ymin>527</ymin>
			<xmax>297</xmax>
			<ymax>615</ymax>
		</bndbox>
	</object>
	<object>
		<name>text</name>
		<pose>none</pose>
		<truncated>0</truncated>
		<difficult>0</difficult>
		<bndbox>
			<xmin>298</xmin>
			<ymin>527</ymin>
			<xmax>304</xmax>
			<ymax>615</ymax>
		</bndbox>
	</object>
	<object>
		<name>text</name>
		<pose>none</pose>
		<truncated>0</truncated>
		<difficult>0</difficult>
		<bndbox>
			<xmin>305</xmin>
			<ymin>527</ymin>
			<xmax>313</xmax>
			<ymax>615</ymax>
		</bndbox>
	</object>
	<object>
		<name>text</name>
		<pose>none</pose>
		<truncated>0</truncated>
		<difficult>0</difficult>
		<bndbox>
			<xmin>313</xmin>
			<ymin>527</ymin>
			<xmax>320</xmax>
			<ymax>615</ymax>
		</bndbox>
	</object>
	<object>
		<name>text</name>
		<pose>none</pose>
		<truncated>0</truncated>
		<difficult>0</difficult>
		<bndbox>
			<xmin>321</xmin>
			<ymin>527</ymin>
			<xmax>329</xmax>
			<ymax>615</ymax>
		</bndbox>
	</object>
</annotation>
