<?xml version="1.0" ?>
<annotation>
	<folder>text</folder>
	<filename>img_1040.jpg</filename>
	<source>
		<database>coco_text_database</database>
		<annotation>text</annotation>
		<image>text</image>
		<flickrid>000000</flickrid>
	</source>
	<owner>
		<name>ms</name>
	</owner>
	<size>
		<width>1200</width>
		<height>956</height>
		<depth>3</depth>
	</size>
	<segmented>0</segmented>
	<object>
		<name>text</name>
		<pose>none</pose>
		<truncated>0</truncated>
		<difficult>0</difficult>
		<bndbox>
			<xmin>186</xmin>
			<ymin>93</ymin>
			<xmax>201</xmax>
			<ymax>336</ymax>
		</bndbox>
	</object>
	<object>
		<name>text</name>
		<pose>none</pose>
		<truncated>0</truncated>
		<difficult>0</difficult>
		<bndbox>
			<xmin>202</xmin>
			<ymin>93</ymin>
			<xmax>217</xmax>
			<ymax>336</ymax>
		</bndbox>
	</object>
	<object>
		<name>text</name>
		<pose>none</pose>
		<truncated>0</truncated>
		<difficult>0</difficult>
		<bndbox>
			<xmin>218</xmin>
			<ymin>93</ymin>
			<xmax>233</xmax>
			<ymax>336</ymax>
		</bndbox>
	</object>
	<object>
		<name>text</name>
		<pose>none</pose>
		<truncated>0</truncated>
		<difficult>0</difficult>
		<bndbox>
			<xmin>234</xmin>
			<ymin>93</ymin>
			<xmax>249</xmax>
			<ymax>336</ymax>
		</bndbox>
	</object>
	<object>
		<name>text</name>
		<pose>none</pose>
		<truncated>0</truncated>
		<difficult>0</difficult>
		<bndbox>
			<xmin>250</xmin>
			<ymin>93</ymin>
			<xmax>265</xmax>
			<ymax>336</ymax>
		</bndbox>
	</object>
	<object>
		<name>text</name>
		<pose>none</pose>
		<truncated>0</truncated>
		<difficult>0</difficult>
		<bndbox>
			<xmin>266</xmin>
			<ymin>93</ymin>
			<xmax>281</xmax>
			<ymax>336</ymax>
		</bndbox>
	</object>
	<object>
		<name>text</name>
		<pose>none</pose>
		<truncated>0</truncated>
		<difficult>0</difficult>
		<bndbox>
			<xmin>282</xmin>
			<ymin>93</ymin>
			<xmax>297</xmax>
			<ymax>336</ymax>
		</bndbox>
	</object>
	<object>
		<name>text</name>
		<pose>none</pose>
		<truncated>0</truncated>
		<difficult>0</difficult>
		<bndbox>
			<xmin>298</xmin>
			<ymin>93</ymin>
			<xmax>313</xmax>
			<ymax>336</ymax>
		</bndbox>
	</object>
	<object>
		<name>text</name>
		<pose>none</pose>
		<truncated>0</truncated>
		<difficult>0</difficult>
		<bndbox>
			<xmin>314</xmin>
			<ymin>93</ymin>
			<xmax>329</xmax>
			<ymax>336</ymax>
		</bndbox>
	</object>
	<object>
		<name>text</name>
		<pose>none</pose>
		<truncated>0</truncated>
		<difficult>0</difficult>
		<bndbox>
			<xmin>330</xmin>
			<ymin>93</ymin>
			<xmax>345</xmax>
			<ymax>336</ymax>
		</bndbox>
	</object>
	<object>
		<name>text</name>
		<pose>none</pose>
		<truncated>0</truncated>
		<difficult>0</difficult>
		<bndbox>
			<xmin>346</xmin>
			<ymin>93</ymin>
			<xmax>361</xmax>
			<ymax>336</ymax>
		</bndbox>
	</object>
	<object>
		<name>text</name>
		<pose>none</pose>
		<truncated>0</truncated>
		<difficult>0</difficult>
		<bndbox>
			<xmin>362</xmin>
			<ymin>93</ymin>
			<xmax>377</xmax>
			<ymax>336</ymax>
		</bndbox>
	</object>
	<object>
		<name>text</name>
		<pose>none</pose>
		<truncated>0</truncated>
		<difficult>0</difficult>
		<bndbox>
			<xmin>378</xmin>
			<ymin>93</ymin>
			<xmax>393</xmax>
			<ymax>336</ymax>
		</bndbox>
	</object>
	<object>
		<name>text</name>
		<pose>none</pose>
		<truncated>0</truncated>
		<difficult>0</difficult>
		<bndbox>
			<xmin>394</xmin>
			<ymin>93</ymin>
			<xmax>409</xmax>
			<ymax>336</ymax>
		</bndbox>
	</object>
	<object>
		<name>text</name>
		<pose>none</pose>
		<truncated>0</truncated>
		<difficult>0</difficult>
		<bndbox>
			<xmin>410</xmin>
			<ymin>93</ymin>
			<xmax>425</xmax>
			<ymax>336</ymax>
		</bndbox>
	</object>
	<object>
		<name>text</name>
		<pose>none</pose>
		<truncated>0</truncated>
		<difficult>0</difficult>
		<bndbox>
			<xmin>426</xmin>
			<ymin>93</ymin>
			<xmax>441</xmax>
			<ymax>336</ymax>
		</bndbox>
	</object>
	<object>
		<name>text</name>
		<pose>none</pose>
		<truncated>0</truncated>
		<difficult>0</difficult>
		<bndbox>
			<xmin>442</xmin>
			<ymin>93</ymin>
			<xmax>457</xmax>
			<ymax>336</ymax>
		</bndbox>
	</object>
	<object>
		<name>text</name>
		<pose>none</pose>
		<truncated>0</truncated>
		<difficult>0</difficult>
		<bndbox>
			<xmin>458</xmin>
			<ymin>93</ymin>
			<xmax>473</xmax>
			<ymax>336</ymax>
		</bndbox>
	</object>
	<object>
		<name>text</name>
		<pose>none</pose>
		<truncated>0</truncated>
		<difficult>0</difficult>
		<bndbox>
			<xmin>474</xmin>
			<ymin>93</ymin>
			<xmax>489</xmax>
			<ymax>336</ymax>
		</bndbox>
	</object>
	<object>
		<name>text</name>
		<pose>none</pose>
		<truncated>0</truncated>
		<difficult>0</difficult>
		<bndbox>
			<xmin>183</xmin>
			<ymin>349</ymin>
			<xmax>198</xmax>
			<ymax>498</ymax>
		</bndbox>
	</object>
	<object>
		<name>text</name>
		<pose>none</pose>
		<truncated>0</truncated>
		<difficult>0</difficult>
		<bndbox>
			<xmin>199</xmin>
			<ymin>349</ymin>
			<xmax>214</xmax>
			<ymax>498</ymax>
		</bndbox>
	</object>
	<object>
		<name>text</name>
		<pose>none</pose>
		<truncated>0</truncated>
		<difficult>0</difficult>
		<bndbox>
			<xmin>215</xmin>
			<ymin>349</ymin>
			<xmax>230</xmax>
			<ymax>498</ymax>
		</bndbox>
	</object>
	<object>
		<name>text</name>
		<pose>none</pose>
		<truncated>0</truncated>
		<difficult>0</difficult>
		<bndbox>
			<xmin>231</xmin>
			<ymin>349</ymin>
			<xmax>246</xmax>
			<ymax>498</ymax>
		</bndbox>
	</object>
	<object>
		<name>text</name>
		<pose>none</pose>
		<truncated>0</truncated>
		<difficult>0</difficult>
		<bndbox>
			<xmin>247</xmin>
			<ymin>349</ymin>
			<xmax>262</xmax>
			<ymax>498</ymax>
		</bndbox>
	</object>
	<object>
		<name>text</name>
		<pose>none</pose>
		<truncated>0</truncated>
		<difficult>0</difficult>
		<bndbox>
			<xmin>263</xmin>
			<ymin>349</ymin>
			<xmax>278</xmax>
			<ymax>498</ymax>
		</bndbox>
	</object>
	<object>
		<name>text</name>
		<pose>none</pose>
		<truncated>0</truncated>
		<difficult>0</difficult>
		<bndbox>
			<xmin>279</xmin>
			<ymin>349</ymin>
			<xmax>294</xmax>
			<ymax>498</ymax>
		</bndbox>
	</object>
	<object>
		<name>text</name>
		<pose>none</pose>
		<truncated>0</truncated>
		<difficult>0</difficult>
		<bndbox>
			<xmin>295</xmin>
			<ymin>349</ymin>
			<xmax>310</xmax>
			<ymax>498</ymax>
		</bndbox>
	</object>
	<object>
		<name>text</name>
		<pose>none</pose>
		<truncated>0</truncated>
		<difficult>0</difficult>
		<bndbox>
			<xmin>311</xmin>
			<ymin>349</ymin>
			<xmax>326</xmax>
			<ymax>498</ymax>
		</bndbox>
	</object>
	<object>
		<name>text</name>
		<pose>none</pose>
		<truncated>0</truncated>
		<difficult>0</difficult>
		<bndbox>
			<xmin>327</xmin>
			<ymin>349</ymin>
			<xmax>342</xmax>
			<ymax>498</ymax>
		</bndbox>
	</object>
	<object>
		<name>text</name>
		<pose>none</pose>
		<truncated>0</truncated>
		<difficult>0</difficult>
		<bndbox>
			<xmin>343</xmin>
			<ymin>349</ymin>
			<xmax>358</xmax>
			<ymax>498</ymax>
		</bndbox>
	</object>
	<object>
		<name>text</name>
		<pose>none</pose>
		<truncated>0</truncated>
		<difficult>0</difficult>
		<bndbox>
			<xmin>359</xmin>
			<ymin>349</ymin>
			<xmax>374</xmax>
			<ymax>498</ymax>
		</bndbox>
	</object>
	<object>
		<name>text</name>
		<pose>none</pose>
		<truncated>0</truncated>
		<difficult>0</difficult>
		<bndbox>
			<xmin>375</xmin>
			<ymin>349</ymin>
			<xmax>390</xmax>
			<ymax>498</ymax>
		</bndbox>
	</object>
	<object>
		<name>text</name>
		<pose>none</pose>
		<truncated>0</truncated>
		<difficult>0</difficult>
		<bndbox>
			<xmin>391</xmin>
			<ymin>349</ymin>
			<xmax>406</xmax>
			<ymax>498</ymax>
		</bndbox>
	</object>
	<object>
		<name>text</name>
		<pose>none</pose>
		<truncated>0</truncated>
		<difficult>0</difficult>
		<bndbox>
			<xmin>407</xmin>
			<ymin>349</ymin>
			<xmax>422</xmax>
			<ymax>498</ymax>
		</bndbox>
	</object>
	<object>
		<name>text</name>
		<pose>none</pose>
		<truncated>0</truncated>
		<difficult>0</difficult>
		<bndbox>
			<xmin>423</xmin>
			<ymin>349</ymin>
			<xmax>438</xmax>
			<ymax>498</ymax>
		</bndbox>
	</object>
	<object>
		<name>text</name>
		<pose>none</pose>
		<truncated>0</truncated>
		<difficult>0</difficult>
		<bndbox>
			<xmin>439</xmin>
			<ymin>349</ymin>
			<xmax>454</xmax>
			<ymax>498</ymax>
		</bndbox>
	</object>
	<object>
		<name>text</name>
		<pose>none</pose>
		<truncated>0</truncated>
		<difficult>0</difficult>
		<bndbox>
			<xmin>455</xmin>
			<ymin>349</ymin>
			<xmax>470</xmax>
			<ymax>498</ymax>
		</bndbox>
	</object>
	<object>
		<name>text</name>
		<pose>none</pose>
		<truncated>0</truncated>
		<difficult>0</difficult>
		<bndbox>
			<xmin>471</xmin>
			<ymin>349</ymin>
			<xmax>486</xmax>
			<ymax>498</ymax>
		</bndbox>
	</object>
</annotation>
